incident_id,event_id
68,1
29,2
85,11
49,13
95,14
44,17
79,27
2,28
52,31
29,38
1,40
69,43
12,44
41,48
80,59
28,64
45,72
21,74
23,75
80,76
30,79
36,80
35,84
17,85
44,88
65,91
77,92
18,99
12,115
71,117
20,120
10,134
10,145
1,152
12,154
29,158
4,165
89,166
8,176
48,187
48,192
55,195
86,196
4,218
14,220
14,222
61,225
20,234
66,239
60,241
47,246
15,252
52,254
55,267
85,277
59,279
62,280
73,291
44,295
59,296
17,311
67,312
23,335
79,336
70,338
14,340
99,343
5,345
96,357
82,358
40,360
23,363
97,367
28,368
16,377
21,388
7,390
75,398
68,399
39,402
68,403
36,405
90,407
12,408
50,409
98,417
77,425
83,430
9,439
33,440
81,441
45,442
66,447
20,450
60,454
36,463
98,470
69,475
94,479
86,484
20,485
34,492
96,495
68,496
